1345	1	object	"A weekly summary of your analytics with AI-surfaced insights"
1346	1	object	"Account status"
1347	1	object	"Billing stops at the end of your current period and resumes on {0}. Your events keep flowing in."
1348	1	object	"Custom range"
1349	2	object	"Delete {0}?"
1350	1	object	"Get started tips and guidance emails"
1351	1	object	"Important notices about your projects: tracking stopped sending data, event limits, and alerts from your notification rules"
1352	1	object	"Last 12 months"
1353	1	object	"Last 24 hours"
1354	1	object	"Last 3 months"
1355	1	object	"Last 30 days"
1356	1	object	"Last 30 min"
1357	1	object	"Last 6 months"
1358	1	object	"Last 7 days"
1359	1	object	"Last Month"
1360	1	object	"Last hour"
1361	1	object	"Last year"
1362	1	object	"Month to Date"
1363	1	object	"Notices about your trial ending, event ingestion being paused, and data scheduled for removal"
1364	1	object	"Onboarding"
1365	1	object	"Pick '{0}'"
1366	1	object	"Product alerts"
1367	1	object	"Today"
1368	1	object	"Weekly digest"
1369	1	object	"Year to Date"
1370	1	object	"Your dashboard is now {0}"
1371	1	object	"Your overview is now {0}"
1372	1	object	"Your report is now {0}"
1373	2	object	"{0} - OpenPanel.dev"
1374	3	object	"{0} - {1} - OpenPanel.dev"
1375	2	object	"Update payment"
1376	1	object	"Canceled"
1377	1	object	"Canceling"
1378	1	object	"Complete checkout"
1379	1	object	"Expired"
1380	1	object	"Finish setting up your subscription"
1381	1	object	"Free trial"
1382	1	object	"Import your analytics data from Mixpanel API"
1383	1	object	"Import your analytics data from the Amplitude Export API"
1384	1	object	"Import your analytics data from Umami"
1385	1	object	"Incomplete"
1386	1	object	"Keep subscription"
1387	1	object	"Past due"
1388	1	object	"Pausing"
1389	1	object	"Payment past due"
1390	1	object	"Reactivate"
1391	1	object	"Resume subscription"
1392	1	object	"Subscription expired"
1393	1	object	"Subscription unpaid"
1394	1	object	"Subscription will be canceled"
1395	1	object	"Subscription will be paused"
1396	1	object	"Trial"
1397	1	object	"Unpaid"
1398	1	object	"Upgrade"
1399	1	object	"Upgrade from $2.5/month"
1400	1	object	"Your free trial has ended. Upgrade to keep using OpenPanel."
1401	1	object	"Your last payment failed. Update your payment method to avoid losing access."
1402	1	object	"Your subscription is unpaid. Update your payment method to restore access."
1403	1	object	"Your subscription setup is incomplete. Complete checkout to activate it."
