97|||未找到分享内容
98|||未找到分享内容 - OpenPanel.dev
114|||来源占比
115|||总量占比
149|||数据驻留
184|||没有找到你在用的框架？{0}
191|||未选择任何筛选条件
196|||发生时间
232|||去重数
236|||已邀请用户
254|||{0} {1} {2} {3} {4} {5} {6} 等
261|||{0} 次点击
279|||{0} 次曝光
364|||将允许来自 {0} 的所有事件。是否还要允许其他域名？
368|||所有时间窗口
369|||此工作区下的所有项目
381|||以下任一事件
382|||以下任一属性
398|||最多
404|||可用的内置对象：
410|||平均会话时长
428|||邀请你的团队加入
511|||点击率与排名对比
544|||发现分析数据中的趋势与变化
619|||撤销 {0} 的邀请失败
633|||平铺
635|||在接下来的 12 个月内
679|||高跳出率
692|||我可以挖掘高机会关键词、检查关键词蚕食，并将 SEO 与站内互动关联分析。
696|||我已保存恢复码
727|||邀请团队成员
729|||已撤销发给 {0} 的邀请
751|||关键词蚕食
771|||出站链接
813|||在此步骤后流失最多
837|||暂无对话，开始输入即可创建。
872|||在此日期
891|||来源
894|||概览公开访问设置
977|||引荐来源
995|||报表公开访问设置
1011|||撤销
1012|||撤销客户端
1013|||撤销邀请
1055|||选择一个计费套餐
1120|||单次页面浏览会话
1209|||热门引荐来源
1211|||热门流量来源
1271|||这里暂时还没有任何数据
1326|||你的数据都还在，保持原样
1339|||你的订阅已暂停
453|||客户端已撤销，后续请求将被拒绝。
1332|||你的 Google Search Console 授权已过期或被撤销。请重新连接以继续同步数据。
