70|||当前已共享
271|||{0} 创建副本
272|||{0} 创建副本 {1}
297|||{0} 步
305|||新增 {0} 人
393|||就你的数据提出任何问题…
405|||Payload 中可用的字段：
417|||根据你的用量，{0} 套餐即可满足你的需求：每月最多 {1} 个事件，价格为 {2}。
581|||已启用 {0} · 剩余 {1} 个恢复码
600|||最近 30 天的事件（{0}）
683|||我可以回答关于当前页面的问题、生成报表，并深入研究特定用户、会话或页面。
684|||我可以回答关于你的分析数据的问题、生成报表，并深入研究用户、会话或页面。
685|||我可以解释趋势、对比周期或筛选页面。试着提个问题，或选一个预设提问。
722|||集成图标
883|||OpenPanel 标志
930|||重度用户
978|||引荐来源：
1114|||显示 {0} 条中的 15 条{1}
1176|||你创建的这些组织均拥有有效订阅。删除账户前请先逐个取消：{0}
1330|||你的反馈帮助我们打造你真正需要的功能。分享你的想法、报告缺陷或提出改进建议
