1506|||确定要删除 "{0}" 吗？此操作无法撤销。
1507|||确定要删除此仪表盘吗？你的所有报表都将被删除！
1508|||此操作无法撤销。
1509|||确定要删除此用户群组吗？此操作无法撤销。
1510|||确定要删除此项目吗？
1511|||确定要删除此引用吗？此操作无法撤销。
1512|||确定要将布局重置为默认吗？这将清除所有自定义的位置与尺寸。
1513|||确定要撤销此客户端吗？此操作无法撤销。
1514|||确定要跳过引导吗？由于你还没有任何项目，你将被登出。
1515|||直接影响
1516|||抢先体验
1517|||专属 Discord 身份组
1518|||功能建议
1519|||最新 Docker 镜像
1520|||优先支持
1521|||你的免费试用已结束。
1522|||你上次付款失败——请更新支付方式。
1523|||你的订阅已过期
1524|||你的订阅已于 {0} 过期
1525|||你的订阅已暂停
1526|||你的订阅已暂停，直到 {0}
1527|||你的订阅未付款。
1528|||你的订阅将于 {0} 续订
1529|||你的订阅设置尚未完成。
1530|||你的订阅已取消
1531|||你的订阅已于 {0} 取消
1532|||你的订阅将于 {0} 取消
1533|||你的订阅将在当前周期结束时暂停
1534|||你的订阅将于 {0} 暂停
1535|||你的试用将于 {0} 结束
